dx,dy,dtheta,dv
-6.464484405517578125e+01,2.447101020812988281e+01,2.778528500293360286e-03,5.000000049999733798e-02
0.000000000000000000e+00,0.000000000000000000e+00,0.000000000000000000e+00,5.000000049997338492e-02
0.000000000000000000e+00,0.000000000000000000e+00,0.000000000000000000e+00,5.000000049998216956e-02
0.000000000000000000e+00,0.000000000000000000e+00,0.000000000000000000e+00,5.000000049998216956e-02
0.000000000000000000e+00,0.000000000000000000e+00,0.000000000000000000e+00,5.000000049998216956e-02
0.000000000000000000e+00,0.000000000000000000e+00,0.000000000000000000e+00,5.000000049998216956e-02
-6.439208984375000000e-03,-1.907348632812500000e-05,-5.123464206493663631e-08,2.946958125306629594e-01
-2.329736544598404180e-02,-2.151921639139686704e-04,5.503193387030257643e-04,3.708744725626733629e-02
-3.675847138291032934e-02,-4.104826250639348473e-04,1.013549563724431158e-03,4.901440094537712344e-01
-7.828904079210019518e-02,-4.870746251306456998e-04,5.972117322182056084e-04,4.280222797671768831e-01
-1.215047196727851997e-01,-8.086606564887688364e-04,2.790518288124160459e-04,6.613652812736042774e-01
-1.858249109416760803e-01,-3.755001967114424133e-03,-8.189692775278849257e-02,7.044000572982740405e-01
-1.987320882623748730e-01,-4.512935266301809634e-03,-1.135897628234306123e-01,-1.223761803439000317e+00
-1.210090908822536448e-01,-7.680689221011505197e-03,-6.099336546383626184e-02,4.300098291818377216e-01
-1.703729000471838617e-01,-1.758077501679977672e-02,-8.794269773442263405e-02,7.127755302606919585e-01
-1.839483902981413621e-01,-1.373211528930085024e-02,-1.162149768002954803e-01,-1.193596168117967204e+00
-1.188153184314160171e-01,-1.167500741628302308e-02,-9.409083780359338289e-03,6.892838265892247129e-01
-1.753605400921429691e-01,-6.067382467374926591e-03,7.069108536912697971e-02,3.225341747985264185e-01
-2.072836120956935702e-01,7.013309350607954684e-03,9.155797871809925881e-02,4.618810853595918253e-01
-2.016289142642193610e-01,1.130777178035202724e-02,1.137962705047500522e-01,-1.285293962967904102e+00
-1.285653285373058452e-01,1.414399553370415674e-02,6.029141009682523200e-02,6.866211678651374939e-01
-1.858209269283577214e-01,2.673260653101650064e-02,9.825371040615457630e-02,4.139681982238245794e-01
-1.788138677570145774e-01,2.408537584303616086e-02,1.149578070155484882e-01,-1.064627915431393346e+00
-1.136081704314761964e-01,2.185927275902344036e-02,6.867801935324938101e-02,4.503790957409248286e-01
-1.527123535235972440e-01,3.131320221336508780e-02,9.548278640673357742e-02,3.924736371326074114e-01
-1.817725347239615985e-01,4.003062836743254138e-02,1.217334672244862886e-01,3.439783654174812799e-01
-1.697105683425945699e-01,2.913042409235089281e-02,1.260321762567999659e-01,-1.181463299608953577e+00
-1.002178523626753304e-01,1.986251401223526614e-02,1.519621413802335619e-02,3.476364891947615332e-01
-1.465547897921339882e-01,1.477252095543590826e-02,-4.328694784128508943e-02,6.668694545475133406e-01
-2.012695962365995683e-01,1.402731437874393805e-03,-7.669448359049332864e-02,4.247600342500426063e-01
-1.949932836091363697e-01,-9.057970478036025952e-03,-1.021887126421684722e-01,-1.284826880863875864e+00
-1.238978499596754546e-01,-1.436118005771547246e-02,-5.189672065344624885e-02,7.219388072231660569e-01
-1.897338317285459652e-01,-3.350355217905232053e-02,-9.055796423018436236e-02,5.920825882633715675e-01
-1.925333626112859520e-01,-3.404447346969163846e-02,-1.169716048247201046e-01,-1.168142655171874100e+00
-1.191323681322273842e-01,-2.713734808892098727e-02,-6.566404248759069584e-02,3.569076369367485402e-01
-1.523807728295025754e-01,-3.838848308072684290e-02,-8.750483459225576188e-02,4.340642334913256128e-01
-1.828661028411318057e-01,-4.818498259194470279e-02,-1.128197807655016566e-01,3.623809046013521939e-01
-1.745400993174541782e-01,-3.923018236741171449e-02,-1.211720013454134770e-01,-1.226134462349737220e+00
-1.003862638414290132e-01,-2.592350727345404948e-02,-1.505969726633051009e-02,4.076746223386229495e-01
-1.453342856527086724e-01,-3.309048214581267189e-02,-8.568979374754621958e-02,6.042886089324706056e-01
-1.872655285102382550e-01,-4.140626909070732609e-02,-1.204942177960385136e-01,3.719429931432651770e-01
-1.798432935569707070e-01,-3.175960285950907291e-02,-1.279911694672382361e-01,-1.197629053816682498e+00
-1.037776805401762203e-01,-2.083759600676060586e-02,-1.590713244999925752e-02,2.675692676509284773e-01
-1.444645647157045687e-01,-1.946175694675389423e-02,-1.411769444949106250e-02,7.285236559088354991e-01
-2.113865483104717669e-01,-9.495895925837771756e-03,7.783466425949869816e-02,5.637560278246771528e-01
-2.130408902752094491e-01,1.648479474834374514e-03,1.102084890330782274e-01,-1.294796611260973007e+00
-1.365603051070536367e-01,1.022043599376232237e-02,5.977083608565304795e-02,5.898444602384083080e-01
-1.954938569927122671e-01,2.704412184801796570e-02,9.279735522436986794e-02,6.332584432771766192e-01
-1.999432318515346196e-01,2.677994744768952273e-02,1.193020885961252192e-01,-1.298833498862506097e+00
-1.144625944937160966e-01,2.090592900818677435e-02,6.210311545080125784e-02,3.885574045906501350e-01
-1.533606456978304777e-01,3.315814793731775012e-02,8.676708997178100846e-02,4.635057966831799270e-01
-1.856340356363403998e-01,4.220601734296280938e-02,1.134836068577238649e-01,3.162423766713966522e-01
-2.106608316209559462e-01,5.032868148095914762e-02,1.351513433983757562e-01,4.087513891815786060e-01
-2.040404499272909788e-01,3.991508280079614224e-02,1.444277957974338944e-01,-1.193878949874782158e+00
-1.252829052109518670e-01,3.004878947027478375e-02,8.699908219142354904e-02,2.318671497282120963e-01
-1.479013599060436945e-01,3.514732349578864046e-02,1.041518296457570880e-01,4.378360367692217814e-01
-1.861698972559793219e-01,3.841546927685257629e-02,1.305745465882615641e-01,4.874267201421071949e-01
-1.878340458974889771e-01,2.442158915294712074e-02,1.413148733784480582e-01,-1.123011630518855108e+00
-1.172068389380598319e-01,1.824218027820379007e-02,8.313006947584174189e-02,2.777047365918248190e-01
-1.436802629012987609e-01,1.750871477726434478e-02,1.010830422633480913e-01,3.914318038104100950e-01
-1.767759289842700809e-01,1.487920287011945675e-02,1.232638155453708168e-01,3.987581703619311746e-01
-2.073708426303824126e-01,8.356194651408799245e-03,1.449923481566829653e-01,3.144579071249298252e-01
-2.337802238359216744e-01,6.669264553949005858e-05,1.631850642909220550e-01,3.695090569248278278e-01
-2.611098016431441238e-01,-1.219445943850416825e-02,1.838967421396904833e-01,2.700026311979439875e-01
-2.790358956901712872e-01,-2.747373617304660343e-02,1.997519347815080726e-01,1.368104931527427404e-01
-2.844488974589296504e-01,-4.342646539556227481e-02,2.067936697407998237e-01,5.974814764886460239e-02
-2.836542407216313677e-01,-5.953493624186023681e-02,2.092558768906683242e-01,6.907041577668726617e-02
-2.842164020201778385e-01,-7.654130831136285451e-02,2.122140779582753489e-01,1.011320744154677875e-01
-2.863457628745180727e-01,-9.610492624395305938e-02,2.168597757691878014e-01,1.918997157614192872e-01
-2.938228450343842724e-01,-1.199199484434885221e-01,2.263886380434935175e-01,2.513001151763889496e-01
-3.035440297848737146e-01,-1.480403939411729652e-01,2.399562684048600625e-01,2.974638942726319790e-01
-3.125524553105094583e-01,-1.804044148542587322e-01,2.560134654140387989e-01,3.038928690533562182e-01
-3.181860619245497901e-01,-2.159904161680650247e-01,2.726864467604948050e-01,3.116045167731540388e-01
-3.195302896636462719e-01,-2.548033556560902468e-01,2.896911559622281640e-01,3.132719466628861582e-01
-3.151806435476487422e-01,-2.959958401894304814e-01,3.068498408235265096e-01,3.018286344348366512e-01
-3.040162710917826416e-01,-3.382709875676503941e-01,3.234085424312729273e-01,2.912577019495943276e-01
-2.856854876547032518e-01,-3.809518891521577189e-01,3.393946305162135468e-01,2.828787232430407528e-01
-2.599081434913017574e-01,-4.232265648820074944e-01,3.549157709250210235e-01,2.755924703294425626e-01
-2.264133039248008572e-01,-4.640628564315356641e-01,3.700299022942050708e-01,2.687566085981814012e-01
-1.851015229113954774e-01,-5.022347031818057417e-01,3.847644042552391674e-01,2.619897357414329164e-01
-1.461545200410938605e-01,-5.494672842104826316e-01,-1.796657157378109826e-01,2.176332815398502873e-01
-5.903082025946559952e-02,-5.716541943612583054e-01,-1.975507368454856305e-01,4.026095385103278801e-02
7.243950543127652963e-03,-5.832588381935366328e-01,-2.108818898170372602e-01,8.056314351680438079e-02
7.949708897955076736e-02,-5.896062731064724005e-01,-2.288310926993502026e-01,5.478680898299614910e-02
1.463429107814135932e-01,-5.872720341113684128e-01,-2.470546632569163847e-01,8.120900362876604106e-02
2.081768220599542474e-01,-5.819708166629062873e-01,-2.672938863077800598e-01,1.421894854318921375e-01
2.625244585470056791e-01,-5.772628228473841716e-01,-2.926501239845071822e-01,2.012738715053385974e-01
3.074934477364053009e-01,-5.755726287006766029e-01,-3.229210570578704420e-01,2.616334778063578170e-01
3.406019374570945502e-01,-5.802259952539969845e-01,-3.568434946575735900e-01,3.151101378208975845e-01
3.380763790873970720e-01,-5.882732528466654287e-01,-3.955959036566194520e-01,1.496226009670493795e-01
3.470708704128639965e-01,-5.947873823480449573e-01,-4.176338806906674250e-01,2.545807780153968025e-01
3.370630742558660131e-01,-6.120109906560884383e-01,-4.446276016241024198e-01,2.386531707266819069e-01
3.037449827212697073e-01,-6.293306145952755060e-01,-4.703675816695285228e-01,1.180289624842227880e-01
2.491274737911624015e-01,-6.462139474461636723e-01,-4.781636383503615750e-01,8.792860017907866421e-02
1.833508036843767286e-01,-6.577685859159139170e-01,-4.847018627233905530e-01,5.875534577033381112e-02
1.051290439452685632e-01,-6.748788554811149254e-01,-4.997632041445141393e-01,1.736023731874247744e-01
1.749536001433682486e-02,-6.954941354225958605e-01,-5.148479150458744602e-01,2.477320954860218194e-01
-7.869018838988495190e-02,-7.059043050065092473e-01,-5.303480227387138424e-01,2.588974559969017264e-01
-1.814725965742525204e-01,-6.976120640820830943e-01,-5.447774808156875537e-01,8.603600967966684721e-02
-2.630867349010941325e-01,-6.591454727922823054e-01,-5.514961831161168115e-01,-2.372996820006889607e-02
-3.439820958236765591e-01,-5.933195747382598029e-01,-5.567974209768492555e-01,-4.949902248616488976e-02
-4.003023853588700831e-01,-5.179400978649866261e-01,-5.563661484877179264e-01,-1.220885839805871953e-01
-4.250400775196254699e-01,-4.359287432971221676e-01,-5.591599513144662748e-01,-1.260046626853990048e-01
-4.690460249054808628e-01,-3.429614264594960105e-01,-5.517914741469795992e-01,-2.378392273716647409e-01
-5.217105153604961743e-01,-2.307836115044032965e-01,-5.285029591925785031e-01,-1.170953273935069205e-01
-5.545130738361905287e-01,-1.237310128420254784e-01,-5.174721541510873823e-01,5.589186067942009117e-03
-5.710640083384390664e-01,-1.842074827027673223e-02,-5.146286075485391187e-01,6.868138477255669727e-02
-5.702007205780006416e-01,8.600857332175237957e-02,-5.158273422287467103e-01,9.646376042667448303e-02
-5.510512207390831918e-01,1.879878494192226412e-01,-5.189187359564759738e-01,1.061626948115241831e-01
-5.135603361486147378e-01,2.848409509590670297e-01,-5.227820267207275995e-01,1.066820287777527909e-01
-4.585611258432322757e-01,3.734778068916622118e-01,-5.267984967679274488e-01,1.024239520627263644e-01
-3.876004272976416587e-01,4.507660521963554601e-01,-5.306441968527693120e-01,9.557646706939859627e-02
-3.029467578730447030e-01,5.138315082754587593e-01,-5.341069158289515340e-01,8.733294676536562662e-02
-2.074893081052664456e-01,5.602130956327542322e-01,-5.370785359058785069e-01,7.842878894947435953e-02
-1.046229806973428822e-01,5.880713120558134221e-01,-5.394919371705932942e-01,6.935019713862011770e-02
1.978828932038823041e-03,5.962667134793875334e-01,-5.413256021360124404e-01,6.045086896399265441e-02
1.083899492032429634e-01,5.844367152504119645e-01,-5.425717179719944383e-01,5.201025362777311756e-02
2.108045007542926896e-01,5.530226913477704898e-01,-5.432526024603765435e-01,4.427942694663578038e-02
3.029905559516095082e-01,5.161364942331871930e-01,-5.419030774856152810e-01,-2.438357289621073676e-02
3.759523167780116637e-01,4.311089323826671205e-01,-5.376505860150793126e-01,-5.334656927192593656e-02
4.270452251284524436e-01,3.677095226981066389e-01,5.751366604286848094e+00,-1.116206514307540587e-01
4.647410840991028635e-01,2.720224343780586196e-01,1.536216431298167429e-01,1.722532587331038201e-02
4.882769112391542876e-01,1.804963299021196121e-01,1.533988955908545115e-01,-1.814584771750045178e-01
4.652443690093832629e-01,6.900325444429000754e-02,1.513011041635570209e-01,-4.282935757455019754e-01
4.342084066452684965e-01,1.589897251593086480e-02,1.315028968310594237e-01,-3.591037997230976941e-01
3.826866415807899102e-01,-3.832882350408439720e-02,1.319761304845048500e-01,-5.084286120400411946e-01
3.188259751994451108e-01,-7.446501570584374008e-02,1.097235102276346019e-01,-8.249247709109619464e-01
2.539157329002961205e-01,-1.023591338849669796e-01,-5.541082534509644830e-02,-9.444147184231050929e-01
1.919790417550331085e-01,-1.158998459207509768e-01,-7.198919116183488676e-02,-8.993715832525452925e-01
1.244660600417262231e-01,-8.361065371556719583e-02,-6.334663987763411441e-02,-8.429448385619917605e-01
5.642726613261572766e-02,-1.182521481093701254e-02,-4.104259477317606652e-02,-1.388900174199858562e-02
1.176479417294729046e-02,2.638315992580331226e-02,-9.405413937684325987e-02,7.855198428432634827e-01
9.526845876166589733e-04,2.063774907386672908e-02,-1.124443913152042285e-01,8.413922776108400114e-01
-5.780099728099230560e-03,-3.174328059449393891e-02,-1.521448346025533471e-01,-9.589114489785388606e-01
-2.532374831304196050e-02,3.193128840003112145e-03,-9.260068327880865979e-02,6.557162502106694824e-01
-1.483879776964158737e-02,-3.881948843755722578e-02,-1.009657902969693932e-01,-9.726655588185533219e-01
-3.417979149642746961e-02,-3.659310277726035565e-03,2.290014233365411656e-02,6.623283474955732331e-01
-2.353377963081015878e-02,-4.291754065632602533e-02,1.879148924822393596e-02,-5.848105751885874781e-01
-3.065776346227266913e-02,-3.198509889610789969e-03,2.446891489093694361e-02,6.172513282395861722e-01
-3.488206032585594585e-03,-3.042326222261948487e-02,9.744651964899375685e-03,-6.240679532619175518e-01
-6.305522694177057019e-03,2.152560077703569164e-02,9.705048306043906337e-03,8.710544668000590462e-01
1.758365280277018883e-02,-2.354988370925070740e-02,-7.489038930837299546e-03,-8.810786200981186589e-01
-3.444658825003443781e-03,1.638782775716052242e-02,8.937771918501091761e-03,5.689190611424606026e-01
1.326382849089213778e-02,-1.954996909632100710e-02,9.651935722816418206e-04,-7.048645759862048887e-01
6.097956911801816204e-03,5.881118580166599941e-03,1.088674909364284460e-02,1.504659135476240639e-01
1.676840871461138249e-02,-1.528038451980862078e-02,6.616695027520602679e-03,-6.333071073700822229e-01
7.756747050336798566e-03,4.030405476381559993e-03,8.037458766160909818e-03,5.961776988240052866e-02
1.168318944969826134e-02,1.069520216495689624e-02,2.559700449507928965e-03,2.063457105548083259e-01
1.264716091816353583e-02,8.936686646453750882e-03,1.137338875505378155e-04,1.429392820323067692e-01
1.993306909488978818e-02,-1.991809602698779713e-02,2.636745291235031985e-03,-8.531396645636506459e-01
7.000746194805174127e-03,2.368902543224749024e-03,6.673408679676695598e-03,6.011287385052632715e-04
9.187830384135509121e-03,5.386710870926236794e-03,3.606370992368823636e-03,4.506093959797219384e-02
9.630946014922869836e-03,9.531257066637266462e-03,4.101198501402780749e-04,1.684797422997725835e-01
9.203128177773578500e-03,9.203850932088641912e-03,4.364906944052115989e-04,1.681685334140148314e-01
8.147665091485123412e-03,6.863645330767553787e-03,-1.808500269642188130e-04,1.260981783967820569e-01
1.634245123882749340e-02,-2.307500193947475964e-02,2.585450225869090346e-03,-9.075010210359644169e-01
3.881862810757752413e-03,3.467038541877798252e-03,4.059129337139699700e-03,2.838932125417137353e-02
6.030618063732617884e-03,4.867441459484922461e-03,1.844159189700045332e-03,4.817871041791133013e-02
7.278425644869912503e-03,7.990124588278746387e-03,4.589070297769115570e-04,1.826226662711283311e-01
8.304379479426415855e-03,8.038487638536651048e-03,2.671600775376870018e-04,1.852853080361074323e-01
8.087033827294476396e-03,5.675323247047003861e-03,2.449947143245978509e-05,1.073930297919705179e-01
1.432545406984786496e-02,-2.123304941070713880e-02,2.765036759453165516e-03,-7.743476149500929662e-01
4.134878518726736729e-03,2.433241783435846628e-03,1.851852867245762368e-03,4.169288598237907983e-02
5.989803692273198976e-03,4.471134446152547071e-03,7.023734199387288157e-04,8.636738285616218924e-02
7.076298488627230654e-03,5.677293006019823451e-03,9.265292055478102640e-04,9.982716337959363084e-02
7.365697983047425623e-03,8.315332083036253152e-03,7.110852139409207240e-04,1.972557248375927941e-01
1.376047120551504577e-02,-2.187064599564791934e-02,2.988150203665496107e-03,-7.785193014973570413e-01
3.608616866173974813e-03,2.854731210344851888e-03,1.056741883723066877e-03,5.620016068872701887e-02
4.373679130083019118e-03,2.717229716321156729e-03,7.949013546875161040e-04,2.161812150853259507e-02
4.959359422826992159e-03,6.160029523023524689e-03,4.056793907727396231e-04,1.478162906538688093e-01
6.854947490921858844e-03,6.727934885294217793e-03,5.693664709789381106e-04,1.628851476050002800e-01
7.954880994404334160e-03,5.746106914024551315e-03,2.183778040052430924e-04,1.706236356008787869e-01
1.263079691715063291e-02,-2.113115390423914164e-02,2.660989921836609540e-03,-6.734639218940685623e-01
4.275220512923283422e-03,2.347603899089278912e-03,1.030385607720729624e-03,2.375212479722743630e-02
4.245825246542267450e-03,5.664408125799269556e-03,3.482106386574201906e-04,1.030657769548133373e-01
5.731209120867220008e-03,6.636852263518733253e-03,5.546612338511724971e-04,1.595055718246602972e-01
7.000716767947778862e-03,5.126844317207002177e-03,5.446953094312423360e-04,1.125702701141119144e-01
1.035934882494871090e-02,-1.503515442613334585e-02,3.227508727132732957e-03,-5.302222567004190035e-01
4.370871978053969542e-03,1.936095029876128137e-03,1.007360248116651036e-03,-1.979199367964590284e-02
4.396231617462831309e-03,5.881768067226289531e-03,2.925457287883403978e-05,1.394223623568917603e-01
6.192901621290047842e-03,4.587591487268838364e-03,4.626159386773576188e-04,1.116441374970910116e-01
7.150878776883473620e-03,3.716379388588819666e-03,8.332975784461904567e-04,6.699671673748097689e-02
9.647204582890367419e-03,-1.105579565657421881e-02,3.261669930864519173e-03,-3.876544277799618410e-01
5.236040730935087595e-03,1.023188638516359106e-03,1.029849960676010312e-03,2.519526153202600316e-02
5.950256784601037907e-03,1.189035175293895463e-03,1.026259719860478370e-03,3.016160612365481608e-02
7.036300037057685586e-03,1.913939281852350405e-03,7.020129326751334276e-04,2.949044450647808624e-03
7.732588793999184418e-03,5.705165724226191060e-03,1.004087504536066433e-03,1.547521873064132691e-01
1.030345254886810835e-02,-1.472301512549023528e-02,5.198218963817557992e-03,-4.849730612299691934e-01
3.765961925722649539e-03,1.657298570084009270e-03,-1.265102816412344566e-04,-3.354636909613795126e-04
3.389734438556502027e-03,3.049978052420243557e-03,3.863103303063386562e-04,6.942710351659503454e-02
4.845169853368247459e-03,3.287920571871438824e-03,1.073410231345439669e-03,6.797692375313602042e-02
5.308524535607261896e-03,4.011371128783025597e-03,2.382231497780762375e-02,7.300593503270957907e-02
8.665697184795817520e-03,1.196826496705938325e-03,2.571567749946757075e-02,9.636190431074886931e-04
1.344886832363556550e-02,-1.004493151661733918e-04,2.486178650879899976e-02,2.880171781325291391e-02
1.657261140373122998e-02,-1.389749806056173043e-02,2.807644380711216137e-02,-3.201625016677890345e-01
1.197876111856999159e-02,-4.091514659027239986e-03,1.385397617914962964e-02,-4.936982062258943316e-02
1.284503249533486269e-02,-7.982661852992123386e-04,1.134407844696516676e-02,4.493810009063353705e-02
1.519080465725153317e-02,-1.258756067908706200e-03,1.384253164274196202e-02,6.896803541097618062e-02
1.731745171731802202e-02,-2.097407975977461092e-03,1.633793974008512784e-02,8.835776866883437997e-02
1.900261089350863131e-02,-4.848284863211205220e-03,2.003509987963214556e-02,3.996044211223159781e-02
1.841424442064010236e-02,-1.345982668397027737e-02,2.376828820040288726e-02,-2.107100521564257978e-01
1.521318844805819026e-02,-5.524722611049526222e-03,1.518567225715883318e-02,-1.694578079037833973e-03
1.854864577954629112e-02,-3.027423690635799858e-03,1.518735507202229051e-02,-7.155765705244304664e-02
1.540660911422264689e-02,-3.127948674901404047e-04,1.121387557563102710e-02,3.521231360948678946e-02
1.558921842132576785e-02,-2.271750739204492220e-03,1.372972353493295827e-02,1.502156200345616810e-02
1.635577730421289289e-02,-2.295724268464027773e-03,1.456398782545198500e-02,4.804851135466825518e-02
1.481909673707093589e-02,-1.063666679126029635e-02,1.902775990448035692e-02,-2.174231116066617786e-01
1.214629056009641772e-02,-3.146574515330513577e-03,1.020155015635837437e-02,7.328367024302728794e-03
1.238018193485856955e-02,-2.992042946463158160e-03,1.079332195152837848e-02,5.238053612558257743e-02
1.310646436647289192e-02,-4.932887319856860131e-03,1.374773053747868623e-02,3.658461795295253616e-02
1.379539501316173755e-02,-6.568737158495707718e-03,1.553592710143036904e-02,-9.537461457495788331e-03
1.417091413108551023e-02,-5.788050570718183963e-03,1.449273812563922625e-02,2.849645468086015043e-02
1.137414678258608092e-02,-1.353288804637031717e-02,1.844875065779549850e-02,-2.029524828719434515e-01
9.344287025612629805e-03,-4.830683571118044028e-03,9.718458720114453442e-03,-1.081451735028576833e-02
9.472923603539129545e-03,-4.519088596964593307e-03,9.797606666080760363e-03,2.394906147806880048e-02
9.850260399517196674e-03,-4.944919366700162300e-03,1.133215594534187076e-02,-7.157524081376820391e-03
1.120226418375125377e-02,-3.217925080718941899e-03,1.062189619065234680e-02,5.160720575837868251e-02
1.240165000005788443e-02,-4.887042913683359302e-03,1.256270281234250774e-02,2.161994230554159513e-02
1.117527252441163910e-02,-9.281903238154143310e-03,1.477412852730686232e-02,-8.704109209472787878e-02
1.005378293562841918e-02,-5.948599466442772155e-03,1.126062969486207876e-02,5.720210045906393148e-04
9.909257369812962679e-03,-6.600197176279465339e-03,1.168709592502370498e-02,-5.106743157884907625e-02
1.044592037835911924e-02,-2.978898674662389112e-03,8.809981391590948618e-03,7.236803561834537213e-02
8.051973686747260217e-03,-1.106152374535085414e-02,1.447647160359855079e-02,-1.677610929800331663e-01
7.930050813357070183e-03,-3.264667740470628132e-03,6.747036265072114958e-03,9.959482129845709242e-03
7.631749213516059172e-03,-4.321954268888816841e-03,8.008948945686045207e-03,-2.449143878043846811e-03
8.072028481464599281e-03,-3.472342243991732857e-03,8.078836333580641238e-03,2.017487426967323749e-02
9.395345325472703735e-03,-3.406503478608158275e-03,8.457599865835829789e-03,5.038570896266764132e-02
8.234876227163567819e-03,-8.140621009086856930e-03,1.207079318367276777e-02,-8.910089111556424024e-02
7.809548233950636131e-03,-4.598827851925335608e-03,8.417537264018504217e-03,1.442426427631982033e-02
7.502762696745435278e-03,-5.761373757717791477e-03,9.207778974974711872e-03,-2.348188335972906104e-02
7.958130474250424413e-03,-4.292094097642973338e-03,8.258384625977166493e-03,8.580217834042225267e-03
7.831217629558295812e-03,-5.035640726209322793e-03,8.792733355539539275e-03,6.753866705856703678e-03
7.721525705719045618e-03,-5.852009187350404318e-03,9.595685466206038683e-03,-1.899057679914067931e-02
7.665083034069652967e-03,-4.906511614890973760e-03,8.455985814453725880e-03,-7.132923835582671845e-03
7.662641961331928542e-03,-5.063288323746917285e-03,8.631418182094341418e-03,-7.691942533233908641e-03
7.439456310635250702e-03,-5.003005549561123644e-03,8.192800566337865575e-03,1.946173397018963191e-02
5.365159555339005237e-03,-8.648275106356351216e-03,1.063130547310131568e-02,-1.191598314384766655e-01
5.012738093910229509e-03,-4.157217062889628778e-03,5.667860741124908230e-03,-8.012560550568231799e-03
3.721745680550725410e-03,-4.541439967901794716e-03,6.235404282641576756e-03,-4.985928624113677987e-02
3.446004395811996801e-03,-2.388640579912504336e-03,-2.133256619633483453e-03,1.375370787199742262e-02
1.789821460917551121e-03,-2.318890759134717428e-03,-8.151576915849112481e-04,-2.839088107919242321e-02
1.163281660069515056e-03,-6.850575956818261147e-04,-5.475411623008241691e-04,3.584180095528327614e-03
2.068781676456410423e-04,-1.004887255295017212e-03,2.756092580158409078e-06,-1.885673685376174080e-02
1.776602467913335204e-04,-6.203939575044614685e-05,-2.707441559923751129e-05,8.238348580228725682e-03
-3.176330955056982930e-05,-6.678018188708279013e-04,3.528419532550230997e-05,-1.269999738683651180e-02
9.267329345163943799e-05,7.124906920807916322e-05,-1.957725004397836699e-05,1.080564916209330456e-02
-5.756416133806396829e-05,-5.516902815863033993e-04,2.414976205544761001e-05,-1.028072800178637947e-02
6.024292626705118892e-05,1.459804038859147113e-04,-1.307028266306353714e-05,1.223193695838959913e-02
-7.104959202308691602e-05,-4.798016433227303423e-04,1.764362137191000102e-05,-8.832982145782083960e-03
5.110765724225529993e-05,1.919407061663491731e-04,-7.416967178652811299e-06,1.314149222782464051e-02
-7.011476432694507821e-05,-4.375448878910503936e-04,1.260361453692127043e-05,-7.874129750169470490e-03
4.695078700933663640e-05,2.214701574239086312e-04,-3.681448795367359139e-06,1.375711898075185693e-02
-8.329701134357492265e-05,-4.060608610387816952e-04,9.603689360426770349e-06,-7.191719268185517260e-03
4.739403097175909352e-05,2.459745973730775859e-04,-9.091000878758137560e-07,1.416302237661351202e-02
-7.392479540158092277e-05,-3.876784503908936586e-04,7.288491339796365764e-06,-5.473671618201055716e-03
2.364901105522676517e-05,2.026548474631795216e-04,1.080232464367725242e-06,1.326774379178682212e-02
-6.822109922666186321e-05,-3.721402100040904770e-04,5.546291054869811887e-06,1.653838795251317412e-03
-2.126835438787111343e-05,-1.221395224000332291e-04,-7.758265549995257970e-07,7.046084208961109034e-03
-7.075045225235498947e-05,-3.578763482501301496e-04,2.988766490519267904e-06,7.328459344892960386e-03
-6.103116480460357707e-05,-3.862387195212590996e-04,-1.351975282837258874e-06,2.025238298262527041e-03
-7.168235948995516083e-05,-3.499866960474662392e-04,2.126973921434682779e-07,1.180167966176157157e-02
-9.579915598578736535e-05,-5.905101428709258471e-04,-1.013693176732388679e-06,-1.943611123455988524e-03
-6.980837332548617269e-05,-3.513857560655253565e-04,2.441643820461081305e-08,1.532737592822873765e-02
-1.266906377566101582e-04,-7.563497167772936791e-04,-1.875342724888540147e-06,-3.789270427065658409e-03
-7.577225295563039253e-05,-4.128219634260688053e-04,1.602397925459797534e-08,1.690680798213421016e-02
-1.623877676593110664e-04,-8.971569424573999640e-04,-1.715675132851757212e-06,-3.923211044560950649e-03
-9.448712336279641022e-05,-5.346514500637056244e-04,1.048814066706427184e-07,1.689124070393236907e-02
-1.729524159799211702e-04,-1.008483400333659574e-03,-2.929027989040378088e-07,-3.983743286289383352e-03
-1.117995555830475496e-04,-6.373425746240002354e-04,2.460093624367942766e-07,1.683191492468213632e-02
-1.971072319690847507e-04,-1.103028681413320555e-03,1.596007497051132873e-06,-4.050501522560936117e-03
-1.351556220896554805e-04,-7.237065241945117577e-04,4.093440235664047577e-07,1.678415437176366057e-02
-2.122816848526554168e-04,-1.186353031201292652e-03,2.219378406609351373e-06,-4.101060529860313733e-03
-1.421641028542808272e-04,-7.964684409671463072e-04,5.839200427626423107e-07,1.672540649965812906e-02
-2.187368120729615839e-04,-1.252254553488540978e-03,4.111456721522799285e-06,-4.156863221115965172e-03
-1.710173673359349777e-04,-8.616017064611014575e-04,7.566889399512888303e-07,1.666616708203817396e-02
-2.394890560992735118e-04,-1.314794516751760511e-03,6.871688483789384350e-06,-4.202940811506008720e-03
-1.685622489304705596e-04,-9.166793273998052882e-04,9.245000844870787660e-07,1.660396149783068334e-02
-2.518687475401293341e-04,-1.365639768160065159e-03,5.318086048200498794e-06,-4.257342424683479253e-03
-1.806190645794458760e-04,-9.638430075185056012e-04,3.078591827243570833e-06,1.655058899277932899e-02
-2.483834051787425778e-04,-1.407438443507658121e-03,4.783723349000013059e-06,-4.325090845644099201e-03
-1.843752880148485929e-04,-1.003512866734723730e-03,3.886793497276386233e-06,1.647816339903039259e-02
-2.517420531518155258e-04,-1.444928787048382901e-03,5.246067064978987560e-06,-4.387368064461574964e-03
-1.874549791835988799e-04,-1.039474239213689089e-03,4.409425572893255207e-06,1.641574505683043861e-02
-2.621980103185705957e-04,-1.477596578840945085e-03,5.527692703344300185e-06,-4.449919644459358371e-03
-1.976762237063667271e-04,-1.067039204880160241e-03,4.517484531785243007e-06,1.634023340418807452e-02
-2.720921472700865706e-04,-1.501461452363628268e-03,6.288557353073542799e-06,-4.523379667574553044e-03
-1.996541622162339991e-04,-1.089331497645673608e-03,4.336236751001365519e-06,1.627253519159702067e-02
-2.814894546503410311e-04,-1.513066476057645104e-03,6.201604819677797309e-06,-4.589221882284225812e-03
-2.012429016957639760e-04,-1.098044334312930914e-03,5.071921926891320709e-06,1.620933617317441011e-02
-2.753066440988050090e-04,-1.532448273561470842e-03,6.748489726149387025e-06,-4.665382708283778018e-03
-2.100675795162487702e-04,-1.116046076145238430e-03,5.391657493580837013e-06,1.613830915139043837e-02
-2.763170674739967581e-04,-1.539905061179069889e-03,6.318352602896482040e-06,-4.726189503994511487e-03
-2.110001957902341019e-04,-1.123070140923942972e-03,5.433752806593972196e-06,1.606096171232092654e-02
-2.846587690328306053e-04,-1.553353667912205083e-03,6.922357344008034374e-06,-4.809551808612233179e-03
-2.114503754881980058e-04,-1.123635181077276002e-03,5.720187695512635173e-06,1.597839937371643010e-02
-2.848750570052516196e-04,-1.554549652279746397e-03,6.675071120731956853e-06,-4.872331650014908797e-03
-2.116233446685100716e-04,-1.128402109259241115e-03,5.594331662139850891e-06,1.591027046442376747e-02
-2.773301185072796216e-04,-1.555020570815912606e-03,6.813240289060829014e-06,-4.947117733175170756e-03
-2.115653459924260460e-04,-1.124273037437006906e-03,5.590890758799815785e-06,1.584348367908887389e-02
-2.848394042018753680e-04,-1.554370349214906355e-03,6.663451349586679839e-06,-5.007395977635921425e-03
-2.114432764273033172e-04,-1.125514332564137021e-03,5.318163244893980846e-06,1.576413430738474869e-02
-2.845455203441815684e-04,-1.550857647572456699e-03,7.027898752065553367e-06,-5.088348533159762349e-03
-2.033434286801139024e-04,-1.121030664013034084e-03,5.162519798318498943e-06,1.569242516759104811e-02
-2.839922238848657798e-04,-1.538294269291640148e-03,6.566197032320530980e-06,-5.158373309811488047e-03
-2.027256222021378562e-04,-1.117644985303201111e-03,5.932399238295360533e-06,1.561994649148481032e-02
-2.832874097009607794e-04,-1.534438722586628501e-03,5.822602408667165719e-06,-5.224257081809973238e-03
-2.019993376904949400e-04,-1.104127913091446089e-03,5.499212972104317032e-06,1.555012913416896868e-02
-2.825054710342556064e-04,-1.526339859669434418e-03,5.870206019498169780e-06,-5.292288407302768796e-03
-2.011759240900801160e-04,-1.097706916258545107e-03,5.594675161590956236e-06,1.547265797364001487e-02
-2.815577584840411873e-04,-1.513518492014753747e-03,5.901110920358831891e-06,-5.372796181681682715e-03
-2.000827968231533305e-04,-1.085992592823714631e-03,5.146083908114107430e-06,1.540545790312311016e-02
-2.728158634539568084e-04,-1.503606633516341162e-03,5.782540195342633638e-06,-5.448703033762009734e-03
-1.988705452049543965e-04,-1.071716673305189715e-03,5.092597316513902683e-06,1.532320270841994181e-02
-2.714515685511287302e-04,-1.486591746129306557e-03,5.772312660967671150e-06,-5.521968129084860351e-03
-1.898108289282163241e-04,-1.052430323429831560e-03,4.631364659113401672e-06,1.524597328830732713e-02
-2.546621661991821384e-04,-1.468663289191596277e-03,5.613410967164611520e-06,-5.599613616466068110e-03
-1.881759602042620827e-04,-1.037743320356554477e-03,4.695636188323248916e-06,1.517244720502142728e-02
-2.605914868212266811e-04,-1.447898714584283653e-03,4.906551478001119904e-06,-5.665125897502752694e-03
-1.864839870506784791e-04,-1.020834937325076908e-03,4.493010340000935798e-06,1.510237518574483392e-02
-2.512333365700669674e-04,-1.432695508896131287e-03,4.997700314923747555e-06,-5.743429695651571486e-03
-1.846424143110425575e-04,-9.992916545478180979e-04,4.286377471407476492e-06,1.502179874203521219e-02
-2.492639744247071576e-04,-1.412358680475733763e-03,4.268425204623227387e-06,-5.812603651419267006e-03
-1.826498142918353551e-04,-9.750114601914106061e-04,3.809876355731489639e-06,1.495785507398850189e-02
-2.472937327837598787e-04,-1.390105152150766799e-03,4.473679215077908111e-06,-5.881280280166514135e-03
-1.806506070067825931e-04,-9.526024279331579692e-04,3.601983268763930823e-06,1.487951594325371413e-02
-2.451783755361702788e-04,-1.365149781499042092e-03,4.001950687504418624e-06,-5.948169465252358887e-03
-1.785227574373493553e-04,-9.294872373288853851e-04,3.525256513814412074e-06,1.481932383947773268e-02
-2.507244305149924912e-04,-1.342276170820611014e-03,3.669314203147422404e-06,-6.021556373750638035e-03
-1.687274516939396563e-04,-9.061631894127231135e-04,3.050640198232201783e-06,1.475081169483559093e-02
-2.485226891337788402e-04,-1.316843492272568028e-03,3.461716235664269448e-06,-6.083678969756038842e-03
-1.665417856742124059e-04,-8.808229325438787782e-04,2.977827422867562746e-06,1.468119912768156045e-02
-2.310232149511648458e-04,-1.293104767849939662e-03,3.386915832237491486e-06,-6.147094427342440597e-03
-1.490388520437591069e-04,-8.570697074610222899e-04,7.756944286896327867e-07,1.461141988261697999e-02
-2.210877460129268002e-04,-1.267091285171773052e-03,4.507829167277321858e-06,-6.207823204871753577e-03
-1.467436680400169280e-04,-8.330355635131070358e-04,7.057542767974211984e-07,1.455578308219948082e-02
-2.264768828439400750e-04,-1.241445119759987392e-03,6.303889962477882136e-06,-6.283294670240167218e-03
-1.367402003182860426e-04,-8.085718799826224767e-04,6.369293228392081119e-07,1.448714890953389962e-02
-2.240372608071083960e-04,-1.214714612935097193e-03,1.960806611300824898e-06,-6.346620672080586362e-03
-1.342820919205678365e-04,-7.817345115768148389e-04,5.693874369772089494e-07,1.442023353183896801e-02
-2.138936948625769219e-04,-1.187557621623369641e-03,3.340747296798340926e-06,-6.391402092548038698e-03
-1.395329550604174074e-04,-7.572435118561315903e-04,5.076560409822405973e-07,1.436122654018143034e-02
-2.038854405412848791e-04,-1.163057362767005998e-03,3.005099436403924074e-06,-6.458827103867018603e-03
-1.370713962387526408e-04,-7.284827273181804230e-04,1.246467457249877953e-06,1.429876566657472918e-02
-2.013881013596119374e-04,-1.132188462126038075e-03,1.598161009752629980e-06,-6.513837983921551625e-03
-1.269706842066398167e-04,-7.015757456514393198e-04,1.189918451549587530e-06,1.424373580526346918e-02
-1.989362889673884638e-04,-1.109194052247630680e-03,1.264083725915909895e-06,-6.565815781161687438e-03
-1.245554612694377283e-04,-6.749766976490434445e-04,7.388769303062758809e-07,1.419162813270528380e-02
-1.965543674771197402e-04,-1.080859202023276566e-03,1.205655481895107073e-06,-6.615133993568989706e-03
-1.145909383950538540e-04,-6.488170735003961909e-04,2.930184521687806409e-07,1.413191258698189012e-02
-1.789096833562098254e-04,-1.054409405735867722e-03,1.150547712658323007e-06,-6.663788227851995434e-03
-1.122462261093915004e-04,-6.187904679286759801e-04,2.498812827766982991e-07,1.408578872293235300e-02
-1.842538910494795346e-04,-1.030420260605069416e-03,3.078076158402609508e-07,-6.709466884536605287e-03
-1.100104222331310666e-04,-5.950830840539822475e-04,2.119486990359575884e-07,1.403522802425539832e-02
-1.820207351101998938e-04,-1.004807092776616173e-03,8.038327046211435345e-07,-6.749900910962938413e-03
-1.078613414478013510e-04,-5.756670139227537675e-04,1.784353782507963615e-07,1.398452417078381062e-02
-1.722290795100889227e-04,-9.853077620718408980e-04,2.430060959124347164e-07,-6.792786436698026141e-03
-1.057498518122201858e-04,-5.526425857986794199e-04,1.483197025198279562e-07,1.393990762126138573e-02
-1.777796897073358195e-04,-9.624504896770247342e-04,9.062831196615661611e-08,-6.841104971342255522e-03
-9.603032312099912815e-05,-5.278284396297294734e-04,1.212530149619084341e-07,1.388743979903020627e-02
-1.680129009997699541e-04,-9.373650529695964906e-04,-4.626037879429389932e-07,-6.871448431440340537e-03
-8.640751131849810918e-05,-5.073595792595142484e-04,9.797990974114156870e-08,1.384044160963500761e-02
-1.660041249067489844e-04,-9.167986432991881429e-04,-1.270326837277124810e-06,-6.922554494436142236e-03
-8.433843041188993084e-05,-4.826614265844852980e-04,7.644814759011353544e-08,1.378477589748136264e-02
-1.562090192805953848e-04,-8.896480619249302890e-04,-8.877757939895758454e-07,-6.947477332653867639e-03
-8.997644152941575157e-05,-4.641121819801696802e-04,5.824765558770650387e-08,1.373610715439596563e-02
-1.465383524816843419e-04,-8.669968929702065452e-04,-1.426017219419151161e-06,-6.983389465247411346e-03
-7.273663146634135046e-05,-4.418054810457761050e-04,4.259546404483671722e-08,1.369335672664362923e-02
-1.369231129757508825e-04,-8.446488629552106886e-04,-1.691668132686174886e-06,-7.016230074071020187e-03
-7.082440697558922693e-05,-4.179691627683723709e-04,2.980689584042295337e-08,1.362852581955228091e-02
-1.424228209856437388e-04,-8.215124735322376637e-04,-2.230383851165029796e-06,-7.029114172321913184e-03
-6.894585632721828006e-05,-3.962253095330936503e-04,1.946183347811825115e-08,1.357563731267375472e-02
-1.327934754726811661e-04,-7.990867045997163132e-04,-1.692806645081645911e-06,-7.035123799870345203e-03
-6.724220179421536159e-05,-3.735336243870790440e-04,-2.118548742657822004e-06,1.350980347900211306e-02
-1.308338399326203216e-04,-7.826001139470406542e-04,-1.150248873704740049e-06,-7.010259068919598782e-03
-6.584169653933713562e-05,-3.563186860517930654e-04,7.182598293908881715e-09,1.340437909794720862e-02
-1.364234294527477687e-04,-7.580540740121932686e-04,-2.474242183803099238e-06,-6.920065347319342107e-03
-6.494975113469081407e-05,-3.380773236187906150e-04,4.763301975074796246e-09,1.324546696721636517e-02
-1.267456292310953359e-04,-7.334578500177713067e-04,-2.997209896271613161e-06,-6.724651578096589588e-03
-6.498284018618960545e-05,-3.306285852922030699e-04,4.842999556942118033e-09,1.300953304270126114e-02
-1.248650528111738822e-04,-7.135957591799524380e-04,-2.442531193302954762e-06,-6.455468272896286094e-03
-7.345617495957412757e-05,-3.276242367284964985e-04,-1.857079732880961842e-06,1.269283566960151266e-02
-1.230166566443813281e-04,-6.939072935061574299e-04,-1.617509535423167222e-06,-6.135428194485190168e-03
-5.952068968895218859e-05,-3.234320823359837505e-04,1.161326657062033973e-08,1.233104936460914167e-02
-1.212060463444686320e-04,-6.725272580041519177e-04,-2.519192448868778911e-06,-5.812030002929680084e-03
-5.327473320448916638e-05,-3.195692489725843188e-04,1.745721478485506850e-08,1.198349178661072684e-02
-1.195708482981672205e-04,-6.597362756934899153e-04,-2.743424655893278441e-06,-5.501302994395590625e-03
-6.232866162747541239e-05,-3.159311721567803488e-04,2.471292459560459065e-08,1.163583606547585921e-02
-1.027079933351160435e-04,-6.413940218052971431e-04,-2.431668032043532435e-06,-5.193548368851525800e-03
-5.612107194963300572e-05,-3.199072027726401757e-04,3.320655506122704992e-08,1.130628435742347948e-02
-1.012551878716294596e-04,-6.219749687126352455e-04,-2.509746114043309717e-06,-4.907203954727084455e-03
-5.748683629747119994e-05,-3.197609972467319039e-04,4.254199659214918938e-08,1.098885444628354413e-02
-1.074813030470522790e-04,-6.085498098222785757e-04,-2.184435299312781353e-06,-4.630651898585164128e-03
2.511925292481009819e-05,1.212488472788209037e-04,-2.136792363049977439e-07,2.207588894214288465e-03
3.860550356193925836e-05,2.143802908349812242e-04,1.595455234593146088e-08,1.125134620224865593e-02
-6.750160319768383488e-05,-3.333725800658271510e-04,5.444356215411616517e-06,-3.687466396818841596e-03
1.087228339713419700e-05,9.261132178295383710e-05,1.196696708394284769e-07,8.829301637260041080e-03
-5.734669596790809010e-05,-3.330432447157249953e-04,5.224612378951221103e-06,-1.670110466872765098e-03
-5.195069761043669132e-06,-3.224637211474146170e-06,2.444475775131849105e-07,7.127284674456412818e-03
-6.516060886951891007e-05,-3.265833266752338204e-04,3.576757949597109132e-06,-1.436212129009707510e-04
-1.181516084614031570e-05,-7.383955968620625754e-05,3.731556497132970662e-07,5.784268087275007061e-03
-5.926179655091345921e-05,-3.266850450849290155e-04,3.217093150320593509e-06,1.057626489283633887e-03
-8.565952173000823677e-05,-4.264788385484052924e-04,1.291682893089785011e-06,-1.044002890325745458e-03
-5.620914737392013194e-05,-3.071882395069280847e-04,2.440033952666453843e-09,1.265275282441351637e-02
-1.214661788111470742e-04,-6.758254001653085652e-04,-2.239733296383050742e-06,-5.742441334112252660e-03
-5.461895132441441092e-05,-3.154890976446722561e-04,2.426186163084764758e-08,1.149615381666875373e-02
-1.016905521424860126e-04,-6.224478743739325637e-04,-2.620120293395089561e-06,-4.925414227785340424e-03
-5.787580674621040089e-05,-3.161697560862819500e-04,4.540719555912176020e-08,1.081487345838986688e-02
-1.064299690796133291e-04,-5.951529752437068055e-04,-2.771835835080338484e-06,-4.370576029008018358e-03
-4.503151184565012954e-05,-3.160479550032846419e-04,6.531564777922937992e-08,1.029399323835737332e-02
-1.041767259408743485e-04,-5.694409328462768372e-04,-2.220817490794502191e-06,-3.936478033093934042e-03
-4.695100770391036349e-05,-3.189352735759598545e-04,8.371003179519220794e-08,9.875329931628044206e-03
-6.421718833848899521e-05,-3.802067511600171201e-04,-6.172483910660275797e-06,4.917169029820115007e-03
-5.619108928556215687e-05,-3.414626462578951305e-04,4.875633946355151238e-06,-6.033236287151504812e-03
2.053614558406025026e-05,1.913526459560443982e-04,3.089292244240482432e-08,1.074645381238842345e-02
-6.596474355546888546e-05,-3.344549552117825897e-04,6.431059836664587692e-06,-3.452431626123682144e-03
9.861696597113223106e-06,7.754386440339544606e-05,1.322320075658467431e-07,8.604113927455888169e-03
-6.426368564405038342e-05,-3.329276744281628453e-04,4.659526451344930820e-06,-1.583429858492915992e-03
-5.658903262428793823e-06,-5.755740268398312764e-06,2.524684661331377811e-07,7.019374036543307542e-03
-6.499102595114436554e-05,-3.256292514990377640e-04,4.101991815330663371e-06,-1.905355407485942627e-04
-1.159247565851728723e-05,-6.688457387582502633e-05,3.682242466496177258e-07,5.815025185606815215e-03
-9.020834164630286978e-05,-4.548992549011643405e-04,6.028684682135576622e-06,7.272099012064299831e-03
-1.269389186546732162e-04,-7.286777372499386729e-04,4.719558219790087605e-07,-6.731869551718699073e-03
-5.871912283339497662e-05,-3.152200656089121367e-04,8.759563741023157490e-09,1.221634240108314048e-02
-1.203203704704947086e-04,-6.580679587813165199e-04,-3.369979189704608302e-06,-5.570519067269403060e-03
-4.785189928213640087e-05,-3.144890040012171539e-04,2.920878849899111174e-08,1.127171954481872782e-02
-1.085194948018397554e-04,-6.180261029271605366e-04,-1.997857350666265575e-06,-4.797216813367187818e-03
-5.103312210508192948e-05,-3.147540155943318041e-04,5.147657522464044177e-08,1.060373570245926045e-02
-1.056752170995878259e-04,-5.852625994293703116e-04,-3.077834836107129490e-06,-4.256127228106856494e-03
-5.336619594231706287e-05,-3.179995744382324574e-04,7.178008454289397378e-08,1.010444031626724082e-02
-9.590431969286328240e-05,-5.639778762649427790e-04,-1.854381484589495699e-06,-3.834893960967040126e-03
-5.527284726269954263e-05,-3.150938235059186354e-04,9.086600982755044242e-08,9.697587125028815994e-03
-2.551949009443887917e-05,-2.112191772454252714e-04,-7.132370472007210083e-06,4.597532607249044979e-03
-6.082110620297953574e-05,-3.440628865902795042e-04,4.969524607822961570e-06,-5.500896999277025620e-03
2.589287100818182807e-05,1.731820000046013774e-04,4.653566132439834746e-08,1.026152516106791993e-02
-7.171134075178997591e-05,-3.336423983775205215e-04,6.470259321655902340e-06,-3.133704735480227245e-03
8.445622654562612297e-06,6.597814880748842370e-05,1.509049252224059501e-07,8.290461905998969261e-03
-7.074671229645446147e-05,-3.304321034534041246e-04,4.741597757318416484e-06,-1.406499488009048393e-03
1.128029154529031075e-06,-1.417542136650240536e-05,2.674590979800939294e-07,6.815604403451872018e-03
-6.429408207964115718e-05,-3.275065867853754753e-04,3.807319161053257517e-06,-8.043096078558329559e-05
-1.226161036527173565e-05,-7.244456528709974918e-05,3.824698944221438524e-07,5.643731445887263665e-03
-1.125302520108562021e-04,-5.757497845912951107e-04,6.673228342801706958e-06,7.111200498694063288e-03
-1.329348188647827556e-04,-7.120600786052477815e-04,-2.495247564127112128e-08,-6.490681180287481873e-03
-5.973240227774567757e-05,-3.169557354496532753e-04,1.241237668203609701e-08,1.192744000925336119e-02
-1.114448300967296746e-04,-6.473891265343922896e-04,-2.906922116574506276e-06,-5.359240704153110310e-03
-5.658667284080820536e-05,-3.167275886077902669e-04,3.622185951179801577e-08,1.097740307441137653e-02
-9.967790076359506202e-05,-5.979998156995236513e-04,-2.594985988091380591e-06,-4.590675147810358361e-03
-5.212621918815329991e-05,-3.188310649662184915e-04,6.054754919659899315e-08,1.030943023391431811e-02
-9.681485130386136007e-05,-5.708553951606631927e-04,-2.342138818889338836e-06,-4.030337877996043212e-03
-5.460779104282664775e-05,-3.171675399329387801e-04,8.392452666150518326e-08,9.781108092590987124e-03
-1.021774825886723193e-04,-5.507947045941818942e-04,-1.389419199249175563e-06,-3.602379466240984360e-03
-1.067553004929777671e-05,-6.787056708645877734e-05,-1.893616812020937346e-06,1.153493123289354213e-03
5.732910385347622650e-05,2.581670995986939943e-04,4.256909935662633870e-09,1.188452893260713225e-02
-6.341099637552360946e-05,-3.412340618247355906e-04,6.424596375786961744e-06,-4.563155220507927184e-03
2.196169862145325169e-05,1.268477229139364226e-04,8.114149485649591043e-08,9.463029523939490290e-03
-6.850475556063884142e-05,-3.313250476573159631e-04,5.916785521309364526e-06,-2.534676032327745545e-03
5.810454922539065592e-06,3.437510778780961118e-05,1.890059346809636054e-07,7.751252443162144276e-03
-6.866389185233856551e-05,-3.304569756927833168e-04,4.252222500999991439e-06,-1.027749903528135667e-03
-5.982941786442097509e-07,-3.126093480787517365e-05,2.996844314928637232e-07,6.451472133121432043e-03
-6.293876802487829991e-05,-3.277027208241634071e-04,3.487466402773975460e-06,1.434820336760353823e-04
